test_name,n_banks,read_latency,bp_level,b_bp,r_bp,writes,reads,b_resp,r_resp,data_mismatches,hazards_tolerated,order_violations,slverr,invalid_wr,invalid_rd,avg_lat_wr_cyc,min_lat_wr_cyc,max_lat_wr_cyc,avg_lat_rd_cyc,min_lat_rd_cyc,max_lat_rd_cyc,throughput_wr,throughput_rd,sim_time_cyc
mem_full_test,8,1,0,0,0,3100,2650,3000,2550,0,2,0,0,100,100,112.88,4.0,498.0,52.89,6.0,482.0,0.18600000000000003,0.158,16090
mem_full_test,8,1,10,10,10,3100,2650,3000,2550,0,0,0,0,100,100,450.31,14.0,1390.0,372.01,16.0,1485.0,0.079,0.067,38186
mem_full_test,8,1,30,30,30,3100,2650,3000,2550,0,0,0,0,100,100,1192.1,34.0,3710.0,993.21,36.0,3965.0,0.031,0.026000000000000002,97726
mem_full_test,8,4,0,0,0,3100,2650,3000,2550,0,3,0,0,100,100,113.66,4.0,498.0,76.05,11.0,487.0,0.175,0.14800000000000002,17182
mem_full_test,8,4,10,10,10,3100,2650,3000,2550,2,3,0,0,100,100,450.31,14.0,1390.0,371.24,21.0,1485.0,0.079,0.067,38186
mem_full_test,8,4,30,30,30,3100,2650,3000,2550,0,0,0,0,100,100,1192.1,34.0,3710.0,993.26,41.0,3965.0,0.031,0.026000000000000002,97726
