test_name,n_banks,read_latency,b_bp,r_bp,writes,reads,b_resp,r_resp,data_mismatches,hazards_tolerated,order_violations,slverr,invalid_wr,invalid_rd,avg_lat_wr_cyc,min_lat_wr_cyc,max_lat_wr_cyc,avg_lat_rd_cyc,min_lat_rd_cyc,max_lat_rd_cyc,throughput_wr,throughput_rd,sim_time_cyc
mem_full_test,16,1,0,0,3900,3450,3800,3350,0,1,0,0,100,100,90.01,4.0,498.0,42.73,6.0,482.0,0.193,0.17,19708
mem_full_test,16,4,0,0,3900,3450,3800,3350,0,2,0,0,100,100,90.29,4.0,498.0,74.3,11.0,487.0,0.162,0.14300000000000002,23446
mem_full_test,4,1,0,0,2700,2250,2600,2150,0,3,0,0,100,100,129.68,4.0,498.0,60.63,6.0,484.0,0.182,0.151,14248
mem_full_test,4,4,0,0,2700,2250,2600,2150,0,30,0,0,100,100,131.68,4.0,498.0,96.16,11.0,487.0,0.17600000000000002,0.145,14798
mem_full_test,8,1,0,0,3100,2650,3000,2550,0,2,0,0,100,100,112.88,4.0,498.0,52.89,6.0,482.0,0.18600000000000003,0.158,16090
mem_full_test,8,4,0,0,3100,2650,3000,2550,0,3,0,0,100,100,113.66,4.0,498.0,76.05,11.0,487.0,0.175,0.14800000000000002,17182
